<?xml version="1.0" encoding="UTF-8" standalone="yes"?>
<addon id="repository.bleaklodge" name="bleaklodge repo" version="1.3" provider-name="bleaklodge">
    <extension point="xbmc.addon.repository" name="bleaklodge repo">
    <dir>
        <info compressed="false">https://github.com/bleaklodge/bleaklodge/raw/master/addons.xml</info>
        <checksum>https://github.com/bleaklodge/bleaklodge/raw/master/addons.xml.md5</checksum>
        <datadir zip="true">https://raw.githubusercontent.com/bleaklodge/bleaklodge/master/</datadir>
    </dir>
    <dir>
        <info compressed="false">https://github.com/host505/repository.host505/raw/master/addons.xml</info>
        <checksum>https://github.com/host505/repository.host505/raw/master/addons.xml.md5</checksum>
        <datadir zip="true">https://raw.githubusercontent.com/host505/repository.host505/master/</datadir>
    </dir>
    <dir>
        <info compressed="false">https://raw.githubusercontent.com/I-A-C/zips/master/addons.xml</info>
        <checksum>https://raw.githubusercontent.com/I-A-C/zips/master/addons.xml.md5</checksum>
        <datadir zip="true">https://raw.githubusercontent.com/I-A-C/zips/master/</datadir>
    </dir>
    <dir>
        <info compressed="false">https://raw.githubusercontent.com/jsergio123/zips/master/addons.xml</info>
        <checksum>https://raw.githubusercontent.com/jsergio123/zips/master/addons.xml.md5</checksum>
        <datadir zip="true">https://raw.githubusercontent.com/jsergio123/zips/master/</datadir>
    </dir>
    </extension>
    <extension point="xbmc.addon.metadata">
        <summary>Testing and Learning stuff</summary>
        <description>bleaklodge repo</description>
        <platform>all</platform>
    </extension>
</addon>